{
    "uvs":[],
    "materials":[{
        "shading":"phong",
        "DbgName":"Road",
        "colorSpecular":[0.5,0.5,0.5],
        "wireframe":false,
        "opacity":1,
        "depthTest":true,
        "depthWrite":true,
        "colorDiffuse":[0.052204,0.051804,0.052],
        "transparent":false,
        "visible":true,
        "blending":"NormalBlending",
        "colorEmissive":[0,0,0],
        "DbgIndex":0,
        "DbgColor":15658734,
        "specularCoef":50
    },{
        "shading":"phong",
        "DbgName":"Pavement",
        "colorSpecular":[0.5,0.5,0.5],
        "wireframe":false,
        "opacity":1,
        "depthTest":true,
        "depthWrite":true,
        "colorDiffuse":[0.239548,0.239548,0.239548],
        "transparent":false,
        "visible":true,
        "blending":"NormalBlending",
        "colorEmissive":[0,0,0],
        "DbgIndex":1,
        "DbgColor":15597568,
        "specularCoef":50
    }],
    "faces":[35,22,3,2,23,0,0,0,0,0,35,10,7,6,11,0,1,1,1,1,35,28,5,4,29,0,2,2,2,2,35,0,17,16,1,0,3,3,3,3,35,13,41,66,52,0,4,4,4,4,35,38,8,3,22,0,5,5,5,5,35,26,7,10,32,0,6,6,6,6,35,32,10,9,35,0,7,7,7,7,35,35,9,8,38,0,7,7,7,7,35,43,17,59,60,0,4,4,4,4,35,41,13,12,44,0,8,8,8,8,35,44,12,11,47,0,8,8,8,8,35,5,14,19,4,0,9,9,9,9,35,14,15,18,19,0,9,9,9,9,35,15,16,17,18,0,9,9,9,9,35,3,8,13,2,0,1,1,1,1,35,8,9,12,13,0,1,1,1,1,35,9,10,11,12,0,1,1,1,1,35,18,46,49,19,0,8,8,8,8,35,46,45,48,49,0,10,10,10,10,35,45,44,47,48,0,8,8,8,8,35,17,43,46,18,0,8,8,8,8,35,43,42,45,46,0,8,8,8,8,35,42,41,44,45,0,10,10,10,10,35,48,47,68,69,0,11,11,11,11,35,25,24,63,50,0,11,11,11,11,35,47,11,58,68,0,11,11,11,11,35,15,37,40,16,0,7,7,7,7,35,37,36,39,40,0,7,7,7,7,35,36,35,38,39,0,12,12,12,12,35,14,34,37,15,0,7,7,7,7,35,34,33,36,37,0,12,12,12,12,35,33,32,35,36,0,7,7,7,7,35,5,28,34,14,0,13,13,13,13,35,28,27,33,34,0,14,14,14,14,35,27,26,32,33,0,13,13,13,13,35,16,40,20,1,0,6,6,6,6,35,40,39,21,20,0,5,5,5,5,35,39,38,22,21,0,15,15,15,15,35,4,19,56,57,0,9,9,9,9,35,24,23,62,63,0,11,11,11,11,35,0,25,50,51,0,11,11,11,11,35,7,26,31,6,0,2,2,2,2,35,26,27,30,31,0,2,2,2,2,35,27,28,29,30,0,2,2,2,2,35,25,0,1,20,0,0,0,0,0,35,20,21,24,25,0,0,0,0,0,35,21,22,23,24,0,0,0,0,0,35,68,58,55,54,1,16,16,16,16,35,62,53,52,66,1,8,8,8,8,35,51,50,60,59,1,10,10,10,10,35,50,63,67,60,1,8,8,8,8,35,63,62,66,67,1,17,17,17,17,35,56,61,64,57,1,18,18,18,18,35,61,69,65,64,1,19,19,19,19,35,69,68,54,65,1,20,20,20,20,35,49,48,69,61,0,11,11,11,11,35,2,13,52,53,0,1,1,1,1,35,41,42,67,66,0,4,4,4,4,35,17,0,51,59,0,9,9,9,9,35,19,49,61,56,0,11,11,11,11,35,42,43,60,67,0,21,21,21,21,35,11,6,55,58,0,1,1,1,1,35,29,4,57,64,0,22,22,22,22,35,6,31,54,55,0,22,22,22,22,35,30,29,64,65,0,22,22,22,22,35,23,2,53,62,0,11,11,11,11,35,31,30,65,54,0,22,22,22,22],
    "normals":[1,0,-0,0,-1,0,-1,0,0,0,1,0,-1,0,0,0,0,1,0,0,1,0,0,1,-0,-0,-1,0,1,-0,-0,-0,-1,1,0,-0,0,0,1,0,0,1,0,0,1,0,0,1,-0,-0,-1,-0,-0,-1,-0,-0,-1,-0,-0,-1,-0,-0,-1,-1,0,0,-1,0,0],
    "vertices":[1,0.25422,1,1,-0.25422,1,1,0.25422,-1,1,-0.25422,-1,-1,0.25422,1,-1,-0.25422,1,-1,0.25422,-1,-1,-0.25422,-1,0.5,-0.25422,-1,0,-0.25422,-1,-0.5,-0.25422,-1,-0.5,0.25422,-1,-0,0.25422,-1,0.5,0.25422,-1,-0.5,-0.25422,1,0,-0.25422,1,0.5,-0.25422,1,0.5,0.25422,1,-0,0.25422,1,-0.5,0.25422,1,1,-0.25422,0.5,1,-0.25422,0,1,-0.25422,-0.5,1,0.25422,-0.5,1,0.25422,-0,1,0.25422,0.5,-1,-0.25422,-0.5,-1,-0.25422,0,-1,-0.25422,0.5,-1,0.25422,0.5,-1,0.25422,-0,-1,0.25422,-0.5,-0.5,-0.25422,-0.5,-0.5,-0.25422,0,-0.5,-0.25422,0.5,0,-0.25422,-0.5,0,-0.25422,0,0,-0.25422,0.5,0.5,-0.25422,-0.5,0.5,-0.25422,0,0.5,-0.25422,0.5,0.5,0.25422,-0.5,0.5,0.25422,-0,0.5,0.25422,0.5,-0,0.25422,-0.5,-0,0.25422,-0,-0,0.25422,0.5,-0.5,0.25422,-0.5,-0.5,0.25422,-0,-0.5,0.25422,0.5,1,0.35422,0.5,1,0.35422,1,0.5,0.35422,-1,1,0.35422,-1,-1,0.35422,-0.5,-1,0.35422,-1,-0.5,0.35422,1,-1,0.35422,1,-0.5,0.35422,-1,0.5,0.35422,1,0.5,0.35422,0.5,-0.5,0.35422,0.5,1,0.35422,-0.5,1,0.35422,-0,-1,0.35422,0.5,-1,0.35422,-0,0.5,0.35422,-0.5,0.5,0.35422,-0,-0.5,0.35422,-0.5,-0.5,0.35422,-0],
    "name":"Cube.002Geometry",
    "metadata":{
        "faces":68,
        "normals":23,
        "uvs":0,
        "materials":2,
        "type":"Geometry",
        "vertices":70,
        "generator":"io_three",
        "version":3
    }
}