{
    "uvs":[],
    "materials":[{
        "shading":"phong",
        "DbgName":"Road",
        "colorSpecular":[0.5,0.5,0.5],
        "wireframe":false,
        "opacity":1,
        "depthTest":true,
        "depthWrite":true,
        "colorDiffuse":[0.052204,0.051804,0.052],
        "transparent":false,
        "visible":true,
        "blending":"NormalBlending",
        "colorEmissive":[0,0,0],
        "DbgIndex":0,
        "DbgColor":15658734,
        "specularCoef":50
    },{
        "shading":"phong",
        "DbgName":"Pavement",
        "colorSpecular":[0.5,0.5,0.5],
        "wireframe":false,
        "opacity":1,
        "depthTest":true,
        "depthWrite":true,
        "colorDiffuse":[0.239548,0.239548,0.239548],
        "transparent":false,
        "visible":true,
        "blending":"NormalBlending",
        "colorEmissive":[0,0,0],
        "DbgIndex":1,
        "DbgColor":15597568,
        "specularCoef":50
    }],
    "faces":[35,22,3,2,23,0,0,0,0,0,35,10,7,6,11,0,1,1,1,1,35,28,5,4,29,0,2,2,2,2,35,0,17,16,1,0,3,3,3,3,35,4,19,56,57,0,4,4,4,4,35,38,8,3,22,0,5,5,5,5,35,26,7,10,32,0,5,5,5,5,35,32,10,9,35,0,5,5,5,5,35,35,9,8,38,0,5,5,5,5,35,0,25,50,51,0,0,0,0,0,35,41,13,12,44,0,6,6,6,6,35,44,12,11,47,0,6,6,6,6,35,5,14,19,4,0,4,4,4,4,35,14,15,18,19,0,4,4,4,4,35,15,16,17,18,0,4,4,4,4,35,3,8,13,2,0,1,1,1,1,35,8,9,12,13,0,1,1,1,1,35,9,10,11,12,0,1,1,1,1,35,18,46,49,19,0,6,6,6,6,35,46,45,48,49,0,7,7,7,7,35,45,44,47,48,0,7,7,7,7,35,17,43,46,18,0,6,6,6,6,35,43,42,45,46,0,7,7,7,7,35,42,41,44,45,0,7,7,7,7,35,23,2,53,62,0,0,0,0,0,35,25,24,42,43,0,7,7,7,7,35,24,23,41,42,0,7,7,7,7,35,15,37,40,16,0,5,5,5,5,35,37,36,39,40,0,8,8,8,8,35,36,35,38,39,0,8,8,8,8,35,14,34,37,15,0,5,5,5,5,35,34,33,36,37,0,8,8,8,8,35,33,32,35,36,0,8,8,8,8,35,5,28,34,14,0,5,5,5,5,35,28,27,33,34,0,8,8,8,8,35,27,26,32,33,0,8,8,8,8,35,16,40,20,1,0,5,5,5,5,35,40,39,21,20,0,8,8,8,8,35,39,38,22,21,0,8,8,8,8,35,6,31,54,55,0,2,2,2,2,35,49,48,30,29,0,7,7,7,7,35,48,47,31,30,0,7,7,7,7,35,7,26,31,6,0,2,2,2,2,35,26,27,30,31,0,2,2,2,2,35,27,28,29,30,0,2,2,2,2,35,25,0,1,20,0,9,9,9,9,35,20,21,24,25,0,0,0,0,0,35,21,22,23,24,0,0,0,0,0,35,65,58,55,54,1,6,6,6,6,35,62,53,52,64,1,6,6,6,6,35,51,50,60,59,1,6,6,6,6,35,56,61,63,57,1,6,6,6,6,35,47,11,58,65,0,0,0,0,0,35,43,17,59,60,0,2,2,2,2,35,13,41,64,52,0,2,2,2,2,35,25,43,60,50,0,1,1,1,1,35,49,29,63,61,0,1,1,1,1,35,2,13,52,53,0,1,1,1,1,35,17,0,51,59,0,4,4,4,4,35,19,49,61,56,0,0,0,0,0,35,41,23,62,64,0,10,10,10,10,35,31,47,65,54,0,10,10,10,10,35,11,6,55,58,0,1,1,1,1,35,29,4,57,63,0,2,2,2,2],
    "normals":[-1,0,-0,0,-1,-0,1,0,0,0,1,-0,0,1,0,-0,0,-1,-0,0,1,0,0,1,0,-0,-1,-1,0,0,0,1,-0],
    "vertices":[2,-0.25422,1,2,0.25422,1,2,-0.25422,-1,2,0.25422,-1,4,-0.25422,1,4,0.25422,1,4,-0.25422,-1,4,0.25422,-1,2.5,0.25422,-1,3,0.25422,-1,3.5,0.25422,-1,3.5,-0.25422,-1,3,-0.25422,-1,2.5,-0.25422,-1,3.5,0.25422,1,3,0.25422,1,2.5,0.25422,1,2.5,-0.25422,1,3,-0.25422,1,3.5,-0.25422,1,2,0.25422,0.5,2,0.25422,-0,2,0.25422,-0.5,2,-0.25422,-0.5,2,-0.25422,0,2,-0.25422,0.5,4,0.25422,-0.5,4,0.25422,-0,4,0.25422,0.5,4,-0.25422,0.5,4,-0.25422,0,4,-0.25422,-0.5,3.5,0.25422,-0.5,3.5,0.25422,-0,3.5,0.25422,0.5,3,0.25422,-0.5,3,0.25422,-0,3,0.25422,0.5,2.5,0.25422,-0.5,2.5,0.25422,-0,2.5,0.25422,0.5,2.5,-0.25422,-0.5,2.5,-0.25422,0,2.5,-0.25422,0.5,3,-0.25422,-0.5,3,-0.25422,0,3,-0.25422,0.5,3.5,-0.25422,-0.5,3.5,-0.25422,0,3.5,-0.25422,0.5,2,-0.35422,0.5,2,-0.35422,1,2.5,-0.35422,-1,2,-0.35422,-1,4,-0.35422,-0.5,4,-0.35422,-1,3.5,-0.35422,1,4,-0.35422,1,3.5,-0.35422,-1,2.5,-0.35422,1,2.5,-0.35422,0.5,3.5,-0.35422,0.5,2,-0.35422,-0.5,4,-0.35422,0.5,2.5,-0.35422,-0.5,3.5,-0.35422,-0.5],
    "name":"Cube.011Geometry.1",
    "metadata":{
        "faces":64,
        "normals":11,
        "uvs":0,
        "materials":2,
        "type":"Geometry",
        "vertices":66,
        "generator":"io_three",
        "version":3
    }
}