{
    "uvs":[],
    "materials":[{
        "shading":"phong",
        "DbgName":"Road",
        "colorSpecular":[0.5,0.5,0.5],
        "wireframe":false,
        "opacity":1,
        "depthTest":true,
        "depthWrite":true,
        "colorDiffuse":[0.052204,0.051804,0.052],
        "transparent":false,
        "visible":true,
        "blending":"NormalBlending",
        "colorEmissive":[0,0,0],
        "DbgIndex":0,
        "DbgColor":15658734,
        "specularCoef":50
    },{
        "shading":"phong",
        "DbgName":"Pavement",
        "colorSpecular":[0.5,0.5,0.5],
        "wireframe":false,
        "opacity":1,
        "depthTest":true,
        "depthWrite":true,
        "colorDiffuse":[0.239548,0.239548,0.239548],
        "transparent":false,
        "visible":true,
        "blending":"NormalBlending",
        "colorEmissive":[0,0,0],
        "DbgIndex":1,
        "DbgColor":15597568,
        "specularCoef":50
    }],
    "faces":[35,22,3,2,23,0,0,0,0,0,35,10,7,6,11,0,1,1,1,1,35,28,5,4,29,0,2,2,2,2,35,0,17,16,1,0,3,3,3,3,35,13,12,50,43,0,1,1,1,1,35,38,8,3,22,0,4,4,4,4,35,26,7,10,32,0,5,5,5,5,35,32,10,9,35,0,6,6,6,6,35,35,9,8,38,0,6,6,6,6,35,23,2,44,56,0,7,7,7,7,35,6,31,45,46,0,8,8,8,8,35,30,29,58,59,0,8,8,8,8,35,5,14,19,4,0,9,9,9,9,35,14,15,18,19,0,9,9,9,9,35,15,16,17,18,0,9,9,9,9,35,3,8,13,2,0,1,1,1,1,35,8,9,12,13,0,1,1,1,1,35,9,10,11,12,0,1,1,1,1,35,12,11,49,50,0,1,1,1,1,35,19,18,52,47,0,9,9,9,9,35,29,4,48,58,0,8,8,8,8,35,11,6,46,49,0,1,1,1,1,35,18,17,51,52,0,9,9,9,9,35,17,0,42,51,0,9,9,9,9,35,2,13,43,44,0,1,1,1,1,35,25,24,57,41,0,7,7,7,7,35,4,19,47,48,0,9,9,9,9,35,15,37,40,16,0,6,6,6,6,35,37,36,39,40,0,6,6,6,6,35,36,35,38,39,0,10,10,10,10,35,14,34,37,15,0,6,6,6,6,35,34,33,36,37,0,10,10,10,10,35,33,32,35,36,0,6,6,6,6,35,5,28,34,14,0,11,11,11,11,35,28,27,33,34,0,12,12,12,12,35,27,26,32,33,0,11,11,11,11,35,16,40,20,1,0,5,5,5,5,35,40,39,21,20,0,4,4,4,4,35,39,38,22,21,0,13,13,13,13,35,24,23,56,57,0,7,7,7,7,35,0,25,41,42,0,7,7,7,7,35,31,30,59,45,0,8,8,8,8,35,7,26,31,6,0,2,2,2,2,35,26,27,30,31,0,2,2,2,2,35,27,28,29,30,0,2,2,2,2,35,25,0,1,20,0,0,0,0,0,35,20,21,24,25,0,0,0,0,0,35,21,22,23,24,0,0,0,0,0,35,64,49,46,45,1,14,14,14,14,35,56,44,43,60,1,15,15,15,15,35,60,43,50,62,1,15,15,15,15,35,62,50,49,64,1,15,15,15,15,35,52,54,55,47,1,15,15,15,15,35,54,63,65,55,1,16,16,16,16,35,63,62,64,65,1,17,17,17,17,35,51,53,54,52,1,15,15,15,15,35,53,61,63,54,1,15,15,15,15,35,61,60,62,63,1,18,18,18,18,35,42,41,53,51,1,16,16,16,16,35,41,57,61,53,1,15,15,15,15,35,57,56,60,61,1,19,19,19,19,35,47,55,58,48,1,20,20,20,20,35,55,65,59,58,1,21,21,21,21,35,65,64,45,59,1,22,22,22,22],
    "normals":[1,0,-0,0,-1,0,-1,0,0,0,1,0,0,0,1,0,0,1,0,0,1,1,0,-0,-1,0,0,0,1,-0,0,0,1,0,0,1,0,0,1,0,0,1,-0,-0,-1,-0,-0,-1,-0,-0,-1,-0,-0,-1,-0,-0,-1,-0,-0,-1,-0,-0,-1,-0,-0,-1,-0,-0,-1],
    "vertices":[1,0.25422,1,1,-0.25422,1,1,0.25422,-1,1,-0.25422,-1,-1,0.25422,1,-1,-0.25422,1,-1,0.25422,-1,-1,-0.25422,-1,0.5,-0.25422,-1,0,-0.25422,-1,-0.5,-0.25422,-1,-0.5,0.25422,-1,-0,0.25422,-1,0.5,0.25422,-1,-0.5,-0.25422,1,0,-0.25422,1,0.5,-0.25422,1,0.5,0.25422,1,-0,0.25422,1,-0.5,0.25422,1,1,-0.25422,0.5,1,-0.25422,0,1,-0.25422,-0.5,1,0.25422,-0.5,1,0.25422,-0,1,0.25422,0.5,-1,-0.25422,-0.5,-1,-0.25422,0,-1,-0.25422,0.5,-1,0.25422,0.5,-1,0.25422,-0,-1,0.25422,-0.5,-0.5,-0.25422,-0.5,-0.5,-0.25422,0,-0.5,-0.25422,0.5,0,-0.25422,-0.5,0,-0.25422,0,0,-0.25422,0.5,0.5,-0.25422,-0.5,0.5,-0.25422,0,0.5,-0.25422,0.5,1,0.35422,0.5,1,0.35422,1,0.5,0.35422,-1,1,0.35422,-1,-1,0.35422,-0.5,-1,0.35422,-1,-0.5,0.35422,1,-1,0.35422,1,-0.5,0.35422,-1,-0,0.35422,-1,0.5,0.35422,1,-0,0.35422,1,0.5,0.35422,0.5,-0,0.35422,0.5,-0.5,0.35422,0.5,1,0.35422,-0.5,1,0.35422,-0,-1,0.35422,0.5,-1,0.35422,-0,0.5,0.35422,-0.5,0.5,0.35422,-0,-0,0.35422,-0.5,-0,0.35422,-0,-0.5,0.35422,-0.5,-0.5,0.35422,-0],
    "name":"Cube.014Geometry.1",
    "metadata":{
        "faces":64,
        "normals":23,
        "uvs":0,
        "materials":2,
        "type":"Geometry",
        "vertices":66,
        "generator":"io_three",
        "version":3
    }
}